<?xml version="1.0" encoding="UTF-8"?>
<java version="1.8.0_181" class="java.beans.XMLDecoder">
 <object class="mini.project.pkg1.AllOrders" id="AllOrders0">
  <void property="allOrders">
   <void method="add">
    <object class="mini.project.pkg1.Orders">
     <void property="ID">
      <int>1</int>
     </void>
     <void property="price">
      <double>345.67</double>
     </void>
     <void property="productName">
      <string>Keyboard</string>
     </void>
     <void property="quantity">
      <int>4</int>
     </void>
    </object>
   </void>
   <void method="add">
    <double>1382.68</double>
   </void>
   <void method="add">
    <object class="mini.project.pkg1.Orders">
     <void property="ID">
      <int>2</int>
     </void>
     <void property="price">
      <double>999.98</double>
     </void>
     <void property="productName">
      <string>Laptop</string>
     </void>
     <void property="quantity">
      <int>4</int>
     </void>
    </object>
   </void>
   <void method="add">
    <double>5382.6</double>
   </void>
  </void>
 </object>
</java>
